{
  "cookie": "http://lytv.ga/blick",
  "classes": [
    {
      "type_name": "家电维修",
      "type_id": "家电维修"
    }
  ],
  "filter": {
    
   
	"家电维修": [
      {
        "key": "tid",
        "name": "分类",
        "value": [
          {
            "n": "动态",
            "v": "动态"
          },
          {
            "n": "全部",
            "v": "家电维修"
          },
          {
            "n": "朝锋",
            "v": "朝锋家电维修"
          },
          {
            "n": "阿兵",
            "v": "阿兵电器维修"
          },
          {
            "n": "鄂东老男孩",
            "v": "鄂东老男孩"
          },
          {
            "n": "一手传奇维修",
            "v": "一手传奇维修记"
          }
        ]
      },
      {
        "key": "duration",
        "name": "时长",
        "value": [
          {
            "n": "全部",
            "v": "0"
          },
          {
            "n": "60分钟以上",
            "v": "4"
          },
          {
            "n": "30~60分钟",
            "v": "3"
          },
          {
            "n": "10~30分钟",
            "v": "2"
          },
          {
            "n": "10分钟以下",
            "v": "1"
          }
        ]
      }
    ]
  }
}