{
  "cookie": "http://ys.lytv.cf/blick",
  "classes": [
  {
      "type_name": "Java开发",
      "type_id": "Java开发"
    },
    {
      "type_name": "Android开发",
      "type_id": "Android开发"
    },
    {
      "type_name": "C语言",
      "type_id": "C语言开发"
    },
    {
      "type_name": "Python开发",
      "type_id": "Python开发"
    }
  ],
  "filter": {
    
    "Java开发": [
      {
        "key": "tid",
        "name": "分类",
        "value": [
          {
            "n": "全部",
            "v": "Java开发"
          },
          {
            "n": "入门",
            "v": "Java基础"
          },
          {
            "n": "进阶",
            "v": "Java进阶"
          },
          {
            "n": "高级",
            "v": "Java高级"
          },
          {
            "n": "实战",
            "v": "Java项目实战"
          }
        ]
      },
      {
        "key": "duration",
        "name": "时长",
        "value": [
          {
            "n": "全部",
            "v": "0"
          },
          {
            "n": "60分钟以上",
            "v": "4"
          },
          {
            "n": "30~60分钟",
            "v": "3"
          },
          {
            "n": "10~30分钟",
            "v": "2"
          },
          {
            "n": "10分钟以下",
            "v": "1"
          }
        ]
      }
    ],
	"Android开发": [
      {
        "key": "tid",
        "name": "分类",
        "value": [
          {
            "n": "全部",
            "v": "Android开发"
          },
          {
            "n": "入门",
            "v": "Android基础"
          },
          {
            "n": "进阶",
            "v": "Android进阶"
          },
          {
            "n": "高级",
            "v": "Android高级"
          },
          {
            "n": "实战",
            "v": "Android项目实战"
          }
        ]
      },
      {
        "key": "duration",
        "name": "时长",
        "value": [
          {
            "n": "全部",
            "v": "0"
          },
          {
            "n": "60分钟以上",
            "v": "4"
          },
          {
            "n": "30~60分钟",
            "v": "3"
          },
          {
            "n": "10~30分钟",
            "v": "2"
          },
          {
            "n": "10分钟以下",
            "v": "1"
          }
        ]
      }
    ],
	"C语言开发": [
      {
        "key": "tid",
        "name": "分类",
        "value": [
          {
            "n": "全部",
            "v": "C语言开发"
          },
          {
            "n": "入门",
            "v": "C语言基础"
          },
          {
            "n": "进阶",
            "v": "C语言进阶"
          },
          {
            "n": "高级",
            "v": "C语言高级"
          },
          {
            "n": "实战",
            "v": "C语言项目实战"
          }
        ]
      },
      {
        "key": "duration",
        "name": "时长",
        "value": [
          {
            "n": "全部",
            "v": "0"
          },
          {
            "n": "60分钟以上",
            "v": "4"
          },
          {
            "n": "30~60分钟",
            "v": "3"
          },
          {
            "n": "10~30分钟",
            "v": "2"
          },
          {
            "n": "10分钟以下",
            "v": "1"
          }
        ]
      }
    ],
	"Python开发": [
      {
        "key": "tid",
        "name": "分类",
        "value": [
          {
            "n": "全部",
            "v": "Python开发"
          },
          {
            "n": "入门",
            "v": "Python基础"
          },
          {
            "n": "进阶",
            "v": "Python进阶"
          },
          {
            "n": "高级",
            "v": "Python高级"
          },
          {
            "n": "实战",
            "v": "Python项目实战"
          }
        ]
      },
      {
        "key": "duration",
        "name": "时长",
        "value": [
          {
            "n": "全部",
            "v": "0"
          },
          {
            "n": "60分钟以上",
            "v": "4"
          },
          {
            "n": "30~60分钟",
            "v": "3"
          },
          {
            "n": "10~30分钟",
            "v": "2"
          },
          {
            "n": "10分钟以下",
            "v": "1"
          }
        ]
      }
    ]
  }
}