{
"cookie": "http://ys.lytv.cf/blick",
"classes":[{"type_name":"MT管理器","type_id":"MT管理器"},{"type_name":"网盘挂载","type_id":"网盘挂载"},{"type_name":"alist+WebDav","type_id":"alist+WebDav"},{"type_name":"TVBox修改","type_id":"TVBOX修改教程"},{"type_name":"阿里换token","type_id":"阿里token"},{"type_name":"Git入门到精通","type_id":"Git入门到精通"},{"type_name":"java","type_id":"java教程"},{"type_name":"phyton","type_id":"phyton教程"},{"type_name":"xml","type_id":"xml教程"},{"type_name":"photoshop","type_id":"photoshop教程"},{"type_name":"PR","type_id":"PR教程"},{"type_name":"AE","type_id":"AE教程"},{"type_name":"C4D","type_id":"C4D教程"}],"filter":{"搞笑":[{"key":"duration","name":"时长","value":[{"n":"全部","v":"0"},{"n":"60分钟以上","v":"4"},{"n":"30~60分钟","v":"3"},{"n":"10~30分钟","v":"2"},{"n":"10分钟以下","v":"1"}]}]}}