{
    "spider": "./fm.jar",
    "lives": [
    
    {
            "name": "本地測試",
            "type": 0,
            "url": "./tv.txt",
            "logo": "https://epg.112114.xyz/logo/{name}.png",
            "epg": "http://epg.51zmt.top:8000/api/diyp/?ch={name}&date={date}",
            "ua": ""
        },
        {
            "name": "DIY",
            "type": 0,
            "url": "http://lytv.ga/live",
            "logo": "https://epg.112114.xyz/logo/{name}.png",
            "epg": "http://epg.51zmt.top:8000/api/diyp/?ch={name}&date={date}",
            "ua": ""
        },
        {
            "name": "愛尚∞電信",
            "type": 0,
            "url": "https://php.tv73.repl.co/ais.php",
            "ua":"NBTV/3.50",
            "epg": "https://epg.112114.xyz/?ch={name}&date={date}"
        },
        {
            "name": "月光宝盒",
            "type": 0,
            "url": "http://sf.lytv.ml/ygbh.php",
            "epg": "https://epg.112114.xyz/?ch={name}&date={date}",
            "logo": "https://epg.112114.xyz/logo/{name}.png"
        },
        {
            "name": "油管",
            "type": 0,
            "url": "https://livetv.allll1.repl.co/lives.m3u",
            "epg": "https://epg.112114.xyz/?ch={name}&date={date}",
            "logo": "https://epg.112114.xyz/logo/{name}.png"
        }
    ],
    "sites": [
    {"key": "熊","name": "熊","type": 1,"api": "https://v.3412.net.cn/macapi.php/provide/vod","playUrl": "https://player.3412.net.cn/?url=","searchable": 1,"quickSearch": 1,"filterable":1},
    {"key":"盘挂Alist","name":"网盘∰掛載","type":3,"api":"csp_AList","searchable":0,"quickSearch":0,"filterable":0,"ext":"./alist.json"},
    {"key": "py_cctv","name": "Py∰央视(需APP支持)","type": 3,"api": "py_央视","searchable": 0,"quickSearch": 0,"filterable": 1,"ext": "file://00000/tvbox/配置/py/py_cctv_full.py"},
    {"key":"t4-bli","name":"哔哩","type":3,"api":"csp_T4","searchable":0,"quickSearch":1,"filterable":1,"jar":"http://81.68.89.191:16888/t4_spider.jar","ext":"afb2abcc6c24a7253dcfdeaa39f9508f#http://81.68.89.191:16888/json/bili.json"},
    {"key":"t4-ert","name":"哔哩*儿童","type":3,"api":"csp_T4","searchable":0,"quickSearch":1,"filterable":1,"jar":"http://81.68.89.191:16888/t4_spider.jar","ext":"afb2abcc6c24a7253dcfdeaa39f9508f#https://ghproxy.com/https://github.com/M-LTV/T-V/raw/ewwe/ext/蜂蜜/儿童.json"},
    {"key":"t4-bd","name":"哔哩*本地","type":3,"api":"csp_T4","searchable":0,"quickSearch":1,"filterable":1,"jar":"./t4.jar","ext":"afb2abcc6c24a7253dcfdeaa39f9508f#file://00000/tvbox/配置/ext/蜂蜜/儿童.json"},
     { 
   "key": "MTV转点播", 
   "name": "MTV转换", 
   "type": 3, 
   "api": "./lf_live_min.js", 
   "ext": "./lf_live_min.txt" 
  },
    { 
   "key": "直播转点播", 
   "name": "直播转换", 
   "type": 3, 
   "api": "https://gitea.com/chen154672/tvbox/raw/branch/master/JS/js/直播转点播.js", 
   "ext": "https://gitea.com/chen154672/tvbox/raw/branch/master/JS/js/直播.js" 
  },
  {"key": "*非凡","name": "非凡","type": 0,"api": "http://cj.ffzyapi.com/api.php/provide/vod/","searchable": 1,"quickSearch": 1,"filterable": 0},
    {"key": "*博天堂","name": "18禁片(未成年人勿看)*🈲博天堂","type": 0,"api": "http://bttcj.com/inc/sapi.php","searchable": 1,"quickSearch": 1,"filterable": 0},
{
            "key": "独播",
            "name": "独播库",
            "type": 4,
            "api": "https://t4vod.hz.cz/api/duboku"
           // "playerType": 1
           // "jar": "https://files.zohopublic.com.cn/public/workdrive-public/download/uyv0t678c488189af47bb91dc108484d17431;md5;e5d54e7f113a9eb29a7ff6bbebe7eca9"
        },

{"key":"pyjsLib","name":"LIB","type":3,"api":"http://vod.98nb.com/gzpz/tslib/drpy2.min.js","searchable":1,"quickSearch":1,"filterable":1,"ext":"http://vod.98nb.com/gzpz/jspy/LIBVIO.js"},

{
            "key": "直播",
            "name": "飯總_🅿电视┃直播",
            "type": 4,
            "api": "http://120.53.102.254/live2?url=https://agit.ai/fantaiying/fty/raw/branch/master/live.txt",
            "playerType": 1
           // "jar": "https://files.zohopublic.com.cn/public/workdrive-public/download/uyv0t678c488189af47bb91dc108484d17431;md5;e5d54e7f113a9eb29a7ff6bbebe7eca9"
        },
        {"key":"csp_黄仓库",
            "name":"黄仓库 ",
            "api":"csp_Hsck",
            "type":3,
            "filterable":1,
            "quickSearch":1,
            "searchable":1,
            "ext":"https://www.javsee.men,#genre#/","jar":"clan://00000/tvbox/mltv/t-v/jar/18.jar"},
        {
            "key": "Live",
            "name": "蜂蜜∰转直播",
            "type": 3,
            "api": "csp_Live",
            "searchable": 0,
            "filterable": 0,
            "ext": "1000",
            "jar": "https://raw.iqiq.io/FongMi/CatVodSpider/main/jar/custom_spider.jar"
        },
        {"key":"push_agent","name":"DIY∰推送","type":3,"api":"csp_Push","searchable":0,"quickSearch":0,"filterable":0,"ext":"http://ali.饭太硬.ml/tok","jar":"https://ghproxy.com/https://raw.githubusercontent.com/FongMi/CatVodSpider/main/jar/custom_spider.jar"},

        {
            "key": "LocalFile_spider",
            "name": "DIY∰本地文件(仅支持视频）",
            "type": 3,
            "api": "csp_LocalFile",
            "searchable": 1,
            "quickSearch": 0,
            "filterable": 1,
            "jar": "https://ghproxy.com/https://github.com/M-LTV/T-V/raw/ewwe/jar/1001.jar"
        }
    ],
    "parses": [
        {
            "name": "解析聚合",
            "type": 3,
            "url": "Demo"
        },
        {
            "name": "Json并发",
            "type": 2,
            "url": "Parallel"
        },
        {
            "name": "Json轮询",
            "type": 2,
            "url": "Sequence"
        },
        {
            "name": "爱豆",
            "type": 0,
            "url": "https://jx.aidouer.net/?url=",
            "ext": {
                "flag": [
                    "qq",
                    "腾讯"
                ],
                "header": {
                    "User-Agent": ""
                }
            }
        },
        {
            "name": "CK",
            "type": 1,
            "url": "http://lanlan.ckflv.cn/?url=",
            "ext": {
                "flag": [
                    "qiyi",
                    "爱奇艺",
                    "奇艺",
                    "qq",
                    "腾讯",
                    "youku",
                    "优酷",
                    "pptv",
                    "PPTV",
                    "letv",
                    "乐视",
                    "bilibili",
                    "哔哩哔哩",
                    "哔哩",
                    "mgtv",
                    "芒果"
                ],
                "header": {
                    "User-Agent": "Dart/2.14 (dart:io)"
                }
            }
        },
        {
            "name": "猫影",
            "type": 1,
            "url": "http://81.68.89.191:60007/v7n9/jx/10060/4m7x8h5s/ysm?url="
        },
        {
            "name": "可遇不可求",
            "type": 1,
            "url": "http://newjiexi.gotka.top/keyu3.php?url=",
            "ext": {
                "flag": [
                    "qq",
                    "腾讯",
                    "qiyi",
                    "爱奇艺",
                    "奇艺",
                    "youku",
                    "优酷",
                    "mgtv",
                    "芒果",
                    "letv",
                    "乐视",
                    "pptv",
                    "PPTV",
                    "sohu",
                    "bilibili",
                    "哔哩哔哩",
                    "哔哩"
                ],
                "header": {
                    "User-Agent": "okhttp/4.1.0"
                }
            }
        },
        {
            "name": "图图",
            "type": 1,
            "url": "http://81.68.89.191:60007/v7n9/jx/10060/4m7x8h5s/tt?url="
        },
        {
            "name": "久久",
            "type": 1,
            "url": "http://81.68.89.191:60007/v7n9/jx/10060/4m7x8h5s/293?url="
        },
        {
            "name": "江湖",
            "type": 1,
            "url": "http://211.99.99.236:4567/jhjson/ceshi.php?url=",
            "ext": {
                "flag": [
                    "qiyi",
                    "iqiyi",
                    "奇艺",
                    "爱奇艺",
                    "qq",
                    "腾讯",
                    "youku",
                    "优酷",
                    "pptv",
                    "PPTV",
                    "letv",
                    "乐视",
                    "bilibili",
                    "哔哩哔哩",
                    "哔哩",
                    "mgtv",
                    "芒果",
                    "xigua",
                    "西瓜",
                    "sohu",
                    "搜狐",
                    "cntv",
                    "cctv",
                    "央视",
                    "1905",
                    "m1905"
                ]
            }
        },
        {
            "name": "1920",
            "type": 1,
            "url": "https://www.1920lgzy.top/json.php?url=",
            "ext": {
                "flag": [
                    "qiyi",
                    "爱奇艺",
                    "奇艺",
                    "qq",
                    "腾讯",
                    "youku",
                    "优酷",
                    "pptv",
                    "PPTV",
                    "letv",
                    "乐视",
                    "bilibili",
                    "哔哩哔哩",
                    "哔哩",
                    "mgtv",
                    "芒果"
                ],
                "header": {
                    "User-Agent": "Dart/2.14 (dart:io)"
                }
            }
        },
        {
            "name": "鸿图",
            "type": 1,
            "url": "https://json.freejson.xyz/hongtu.php?url=",
            "ext": {
                "flag": [
                    "qiyi",
                    "爱奇艺",
                    "奇艺",
                    "qq",
                    "腾讯",
                    "youku",
                    "优酷",
                    "pptv",
                    "PPTV",
                    "letv",
                    "乐视",
                    "bilibili",
                    "哔哩哔哩",
                    "哔哩",
                    "mgtv",
                    "芒果"
                ],
                "header": {
                    "User-Agent": "Dart/2.14 (dart:io)"
                }
            }
        },
        {
            "name": "1920i",
            "type": 1,
            "url": "https://json.1920i.com/json/?id=2&url=",
            "ext": {
                "flag": [
                    "qiyi",
                    "爱奇艺",
                    "奇艺",
                    "qq",
                    "腾讯",
                    "youku",
                    "优酷",
                    "pptv",
                    "PPTV",
                    "letv",
                    "乐视",
                    "bilibili",
                    "哔哩哔哩",
                    "哔哩",
                    "mgtv",
                    "芒果"
                ],
                "header": {
                    "User-Agent": "Dart/2.14 (dart:io)"
                }
            }
        },
        {
            "name": "parwix",
            "type": 0,
            "url": "https://jx.parwix.com:4433/player/?url="
        },
        {
            "name": "parwix2",
            "type": 0,
            "url": "https://jx.parwix.com:4433/aliplayer/?url="
        },
        {
            "name": "普通解析",
            "type": 0,
            "url": "http://119.91.96.215:12588/?url="
        },
        {
            "name": "zijincao",
            "type": 0,
            "url": "https://play.zijincao.cn/m3uu.php?url="
        }
    ],
    "flags": [
        "youku",
        "qq",
        "iqiyi",
        "qiyi",
        "letv",
        "sohu",
        "tudou",
        "pptv",
        "mgtv",
        "wasu",
        "bilibili",
        "renrenmi"
    ],
    "ijk": [
        {
            "group": "硬解码",
            "options": [
                {
                    "category": 4,
                    "name": "opensles",
                    "value": "0"
                },
                {
                    "category": 4,
                    "name": "overlay-format",
                    "value": "842225234"
                },
                {
                    "category": 4,
                    "name": "framedrop",
                    "value": "1"
                },
                {
                    "category": 4,
                    "name": "soundtouch",
                    "value": "1"
                },
                {
                    "category": 4,
                    "name": "start-on-prepared",
                    "value": "1"
                },
                {
                    "category": 1,
                    "name": "http-detect-range-support",
                    "value": "0"
                },
                {
                    "category": 1,
                    "name": "fflags",
                    "value": "fastseek"
                },
                {
                    "category": 2,
                    "name": "skip_loop_filter",
                    "value": "48"
                },
                {
                    "category": 4,
                    "name": "reconnect",
                    "value": "1"
                },
                {
                    "category": 4,
                    "name": "enable-accurate-seek",
                    "value": "0"
                },
                {
                    "category": 4,
                    "name": "mediacodec",
                    "value": "0"
                },
                {
                    "category": 4,
                    "name": "mediacodec-auto-rotate",
                    "value": "0"
                },
                {
                    "category": 4,
                    "name": "mediacodec-handle-resolution-change",
                    "value": "0"
                },
                {
                    "category": 4,
                    "name": "mediacodec-hevc",
                    "value": "0"
                },
                {
                    "category": 1,
                    "name": "dns_cache_timeout",
                    "value": "600000000"
                }
            ]
        },
        {
            "group": "软解码",
            "options": [
                {
                    "category": 4,
                    "name": "opensles",
                    "value": "0"
                },
                {
                    "category": 4,
                    "name": "overlay-format",
                    "value": "842225234"
                },
                {
                    "category": 4,
                    "name": "framedrop",
                    "value": "1"
                },
                {
                    "category": 4,
                    "name": "soundtouch",
                    "value": "1"
                },
                {
                    "category": 4,
                    "name": "start-on-prepared",
                    "value": "1"
                },
                {
                    "category": 1,
                    "name": "http-detect-range-support",
                    "value": "0"
                },
                {
                    "category": 1,
                    "name": "fflags",
                    "value": "fastseek"
                },
                {
                    "category": 2,
                    "name": "skip_loop_filter",
                    "value": "48"
                },
                {
                    "category": 4,
                    "name": "reconnect",
                    "value": "1"
                },
                {
                    "category": 4,
                    "name": "enable-accurate-seek",
                    "value": "0"
                },
                {
                    "category": 4,
                    "name": "mediacodec",
                    "value": "1"
                },
                {
                    "category": 4,
                    "name": "mediacodec-auto-rotate",
                    "value": "1"
                },
                {
                    "category": 4,
                    "name": "mediacodec-handle-resolution-change",
                    "value": "1"
                },
                {
                    "category": 4,
                    "name": "mediacodec-hevc",
                    "value": "1"
                },
                {
                    "category": 1,
                    "name": "dns_cache_timeout",
                    "value": "600000000"
                }
            ]
        }
    ],
    "ads": [
        "mimg.0c1q0l.cn",
        "www.googletagmanager.com",
        "www.google-analytics.com",
        "mc.usihnbcq.cn",
        "mg.g1mm3d.cn",
        "mscs.svaeuzh.cn",
        "cnzz.hhttm.top",
        "tp.vinuxhome.com",
        "cnzz.mmstat.com",
        "www.baihuillq.com",
        "s23.cnzz.com",
        "z3.cnzz.com",
        "c.cnzz.com",
        "stj.v1vo.top",
        "z12.cnzz.com",
        "img.mosflower.cn",
        "tips.gamevvip.com",
        "ehwe.yhdtns.com",
        "xdn.cqqc3.com",
        "www.jixunkyy.cn",
        "sp.chemacid.cn",
        "hm.baidu.com",
        "s9.cnzz.com",
        "z6.cnzz.com",
        "um.cavuc.com",
        "mav.mavuz.com",
        "wofwk.aoidf3.com",
        "z5.cnzz.com",
        "xc.hubeijieshikj.cn",
        "tj.tianwenhu.com",
        "xg.gars57.cn",
        "k.jinxiuzhilv.com",
        "cdn.bootcss.com",
        "ppl.xunzhuo123.com",
        "xomk.jiangjunmh.top",
        "img.xunzhuo123.com",
        "z1.cnzz.com",
        "s13.cnzz.com",
        "xg.huataisangao.cn",
        "z7.cnzz.com",
        "xg.huataisangao.cn",
        "z2.cnzz.com",
        "s96.cnzz.com",
        "q11.cnzz.com",
        "thy.dacedsfa.cn",
        "xg.whsbpw.cn",
        "s19.cnzz.com",
        "z8.cnzz.com",
        "s4.cnzz.com",
        "f5w.as12df.top",
        "ae01.alicdn.com",
        "www.92424.cn",
        "k.wudejia.com",
        "vivovip.mmszxc.top",
        "qiu.xixiqiu.com",
        "cdnjs.hnfenxun.com",
        "cms.qdwght.com"
    ],
    "rules": [
        {
            "host": "v.douyin.com",
            "rule": [
                "douyinvod.com",
                "/video/tos/cn/",
                "mime_type="
            ]
        },
        {
            "host": "www.iesdouyin.com",
            "rule": [
                "douyinvod.com",
                "/video/tos/cn/",
                "mime_type="
            ]
        },
        {
            "host": "*",
            "rule": [
                "iesdouyin.com/aweme",
                "video_id="
            ]
        },
        {
            "host": "*",
            "rule": [
                "douyin.com/aweme",
                "video_id="
            ]
        },
        {
            "host": "*",
            "rule": [
                "douyinvod.com",
                "/video/tos/cn/"
            ]
        },
        {
            "host": "*",
            "rule": [
                "iesdouyin.com/aweme",
                "video_id="
            ]
        },
        {
            "host": "*",
            "rule": [
                "huoshan.com",
                "/item/video/"
            ]
        },
        {
            "host": "*",
            "rule": [
                "http((?!http).){12,}?\\.(m3u8|mp4|flv|avi|mkv|rm|wmv|mpg|m4a)\\?.*"
            ]
        },
        {
            "host": "*",
            "rule": [
                "http((?!http).){12,}\\.(m3u8|mp4|flv|avi|mkv|rm|wmv|mpg|m4a)"
            ]
        }
    ],
    "wallpaper": "http://p9.qhimg.com/bdr/__85/t01b895c2571882becf.jpg"
}